Indigenous Cooperative Comparative Matrix - Claude 4.1 Opus Enhanced Analysis,,,,
,,,,
Metric Category,Key Question,E' Numu Diip (Land Co-op),River Select Foods (Fisheries),Many Nations (Insurance),RTZ Artists (Gallery)
MEMBERSHIP & GROWTH,,,,
,Current active members,17,5 core + clients,250,40 adults + 8 youth
,Membership trend,Stable,Growing clients,Expanding,Declined 33%
,Member retention rate,High,Core stable,High,COVID impact
ORGANIZATIONAL FOUNDATION,,,,
,Year established,2017,2014,2009 (co-op),2019
,Development time,3 years,10 years,19 years total,Rapid launch
,Governance structure,Board of 5,5 founding members,Indigenous board,Volunteer board
,Key person dependency,High - PM critical,Moderate,Low,High - 2 people
EMPLOYMENT & ECONOMIC IMPACT,,,,
,Full-time employees,0,2,10,0
,Contract/Part-time staff,1 consultant,2,20 advisors,2 contractors
,Total jobs created,Limited,4 direct,30+,Volunteer-based
,Annual revenue,$25-50K,$250K-1M,>$200K,$25-50K
,Revenue streams,"2 (grants, leasing)","3 (logistics, production, consulting)","2 (brokerage, consulting)",1 (gallery sales)
PARTNERSHIPS & NETWORKS,,,,
,External partners,6 organizations,170 nations,170 First Nations,5 organizations
,Non-Indigenous partners,3,Multiple processors,Insurance companies,3
,Funding sources secured,5 grants,Operating revenue,Self-sustaining,2 grants + donations
INNOVATION & SERVICES,,,,
,Major innovations,"4 (solar, organic, grazing, water)","5 (traceability, value-add, branding)","4 (wellness account, education fund)","3 (consignment, networking, apprentice)"
,New products/services,Seed farm planned,6 product lines,Culturally-tailored insurance,Gallery + workshops
,Training programs,Planning phase,Knowledge transfer,Education fund,3 apprenticeships/year
,Community events,Limited,30+ workshops,Regional meetings,4+ events/workshops
OPERATIONS & MARKET REACH,,,,
,Production scope,"640 acres, single site",Distributed nationally,National network,Single gallery
,Market distribution,Local focus,National,Canada-wide,Local community
,Sales channels,Direct planned,Mixed (wholesale/retail),B2B brokerage,Direct gallery
,Digital tools used,"2 (website, Facebook)","4 (QR, web, profiles, social)","3 (web, social, systems)","2 (website, social)"
CULTURAL INTEGRATION,,,,
,Cultural values embedded,"3 (food, language, land)","4 (stories, recipes, ethics, sovereignty)","5 (wellness, customs, values)","4 (traditions, community, customs)"
,Preservation initiatives,"Traditional foods, language","Conservation, food security",Traditional wellness coverage,"Authentic art, knowledge sharing"
,Multi-tribal involvement,Single tribe focus,Yes - 170 nations,Yes - 170 nations,Single tribe focus
CHALLENGES & ADAPTATION,,,,
,Major challenges identified,"5 (BIA, water, funding, capacity, politics)","6 (fishery collapse, brokers, resistance)","4 (barriers, engagement, transparency)","6 (trust, COVID, engagement, burnout)"
,Government issues,Yes - BIA control,Yes - DFO regulations,Regulatory complexity,Minimal
,Community relations,Some political tensions,Broker conflicts,Good,Trust issues
,Risk mitigation strategies,"3 (diversification, partnerships, planning)","4 (value-add, diversify, inventory, partners)",Economies of scale,Limited formal strategies
,Climate/market adaptations,"3 (regenerative, conservation, traditional)","4 (sustainable, selective, value-add, local)",Market education,COVID pivots
STRATEGIC POSITION,,,,
,Unique value proposition,Land sovereignty & sustainability,Indigenous-branded seafood,Culturally-appropriate insurance,Artist-controlled pricing
,Competitive advantage,Own 640 acres,Vertical integration,Scale & expertise,Authentic guarantee
,Growth potential,High - untapped land,High - expanding markets,Moderate - saturated,High - if trust rebuilt
,Sustainability outlook,Strong - land asset,Strong - diversified,Excellent - profitable,Vulnerable - volunteer dependent
